<?xml version="1.0" encoding="UTF-8"?>
<GenRun Id="impl_1" LaunchPart="xc7a35tcpg236-1" LaunchTime="1551090663">
  <File Type="PWROPT-DRC" Name="Combinational_drc_pwropted.rpt"/>
  <File Type="OPT-METHODOLOGY-DRC" Name="Combinational_methodology_drc_opted.rpt"/>
  <File Type="INIT-TIMING" Name="Combinational_timing_summary_init.rpt"/>
  <File Type="ROUTE-PWR-RPX" Name="Combinational_power_routed.rpx"/>
  <File Type="PA-TCL" Name="Combinational.tcl"/>
  <File Type="OPT-HWDEF" Name="Combinational.hwdef"/>
  <File Type="RDI-RDI" Name="Combinational.vdi"/>
  <File Type="OPT-DCP" Name="Combinational_opt.dcp"/>
  <File Type="OPT-DRC" Name="Combinational_drc_opted.rpt"/>
  <File Type="OPT-TIMING" Name="Combinational_timing_summary_opted.rpt"/>
  <File Type="PWROPT-DCP" Name="Combinational_pwropt.dcp"/>
  <File Type="PWROPT-TIMING" Name="Combinational_timing_summary_pwropted.rpt"/>
  <File Type="PLACE-DCP" Name="Combinational_placed.dcp"/>
  <File Type="PLACE-IO" Name="Combinational_io_placed.rpt"/>
  <File Type="PLACE-CLK" Name="Combinational_clock_utilization_placed.rpt"/>
  <File Type="PLACE-UTIL" Name="Combinational_utilization_placed.rpt"/>
  <File Type="PLACE-UTIL-PB" Name="Combinational_utilization_placed.pb"/>
  <File Type="PLACE-CTRL" Name="Combinational_control_sets_placed.rpt"/>
  <File Type="PLACE-SIMILARITY" Name="Combinational_incremental_reuse_placed.rpt"/>
  <File Type="PLACE-PRE-SIMILARITY" Name="Combinational_incremental_reuse_pre_placed.rpt"/>
  <File Type="PLACE-TIMING" Name="Combinational_timing_summary_placed.rpt"/>
  <File Type="POSTPLACE-PWROPT-DCP" Name="Combinational_postplace_pwropt.dcp"/>
  <File Type="POSTPLACE-PWROPT-TIMING" Name="Combinational_timing_summary_postplace_pwropted.rpt"/>
  <File Type="PHYSOPT-DCP" Name="Combinational_physopt.dcp"/>
  <File Type="PHYSOPT-DRC" Name="Combinational_drc_physopted.rpt"/>
  <File Type="PHYSOPT-TIMING" Name="Combinational_timing_summary_physopted.rpt"/>
  <File Type="ROUTE-ERROR-DCP" Name="Combinational_routed_error.dcp"/>
  <File Type="ROUTE-DCP" Name="Combinational_routed.dcp"/>
  <File Type="ROUTE-BLACKBOX-DCP" Name="Combinational_routed_bb.dcp"/>
  <File Type="ROUTE-DRC" Name="Combinational_drc_routed.rpt"/>
  <File Type="ROUTE-DRC-PB" Name="Combinational_drc_routed.pb"/>
  <File Type="BG-BIN" Name="Combinational.bin"/>
  <File Type="ROUTE-DRC-RPX" Name="Combinational_drc_routed.rpx"/>
  <File Type="BG-DRC" Name="Combinational.drc"/>
  <File Type="ROUTE-METHODOLOGY-DRC" Name="Combinational_methodology_drc_routed.rpt"/>
  <File Type="BITSTR-MSK" Name="Combinational.msk"/>
  <File Type="ROUTE-METHODOLOGY-DRC-RPX" Name="Combinational_methodology_drc_routed.rpx"/>
  <File Type="BG-BGN" Name="Combinational.bgn"/>
  <File Type="ROUTE-METHODOLOGY-DRC-PB" Name="Combinational_methodology_drc_routed.pb"/>
  <File Type="ROUTE-PWR" Name="Combinational_power_routed.rpt"/>
  <File Type="ROUTE-PWR-SUM" Name="Combinational_power_summary_routed.pb"/>
  <File Type="ROUTE-STATUS" Name="Combinational_route_status.rpt"/>
  <File Type="ROUTE-STATUS-PB" Name="Combinational_route_status.pb"/>
  <File Type="ROUTE-TIMINGSUMMARY" Name="Combinational_timing_summary_routed.rpt"/>
  <File Type="ROUTE-TIMING-PB" Name="Combinational_timing_summary_routed.pb"/>
  <File Type="ROUTE-TIMING-RPX" Name="Combinational_timing_summary_routed.rpx"/>
  <File Type="ROUTE-SIMILARITY" Name="Combinational_incremental_reuse_routed.rpt"/>
  <File Type="ROUTE-CLK" Name="Combinational_clock_utilization_routed.rpt"/>
  <File Type="POSTROUTE-PHYSOPT-DCP" Name="Combinational_postroute_physopt.dcp"/>
  <File Type="POSTROUTE-PHYSOPT-BLACKBOX-DCP" Name="Combinational_postroute_physopt_bb.dcp"/>
  <File Type="POSTROUTE-PHYSOPT-TIMING" Name="Combinational_timing_summary_postroute_physopted.rpt"/>
  <File Type="POSTROUTE-PHYSOPT-TIMING-PB" Name="Combinational_timing_summary_postroute_physopted.pb"/>
  <File Type="POSTROUTE-PHYSOPT-TIMING-RPX" Name="Combinational_timing_summary_postroute_physopted.rpx"/>
  <File Type="BG-BIT" Name="Combinational.bit"/>
  <File Type="BITSTR-RBT" Name="Combinational.rbt"/>
  <File Type="BITSTR-NKY" Name="Combinational.nky"/>
  <File Type="BITSTR-BMM" Name="Combinational_bd.bmm"/>
  <File Type="BITSTR-MMI" Name="Combinational.mmi"/>
  <File Type="BITSTR-SYSDEF" Name="Combinational.sysdef"/>
  <File Type="WBT-USG" Name="usage_statistics_webtalk.html"/>
  <FileSet Name="sources" Type="DesignSrcs" RelSrcDir="$PSRCDIR/sources_1">
    <Filter Type="Srcs"/>
    <File Path="$PSRCDIR/sources_1/new/Comparator.vhd">
      <FileInfo>
        <Attr Name="ImportPath" Val="C:/Users/d18124645/Documents/Talha Tallat/Comparator/Comparator.srcs/sources_1/new/Comparator.vhd"/>
        <Attr Name="ImportTime" Val="1551089879"/>
        <Attr Name="UsedIn" Val="synthesis"/>
        <Attr Name="UsedIn" Val="simulation"/>
      </FileInfo>
    </File>
    <Config>
      <Option Name="DesignMode" Val="RTL"/>
      <Option Name="TopModule" Val="Combinational"/>
      <Option Name="TopAutoSet" Val="TRUE"/>
    </Config>
  </FileSet>
  <FileSet Name="constrs_in" Type="Constrs" RelSrcDir="$PSRCDIR/constrs_1">
    <Filter Type="Constrs"/>
    <File Path="$PSRCDIR/constrs_1/new/Constraints.xdc">
      <FileInfo>
        <Attr Name="ImportPath" Val="C:/Users/d18124645/Documents/Talha Tallat/Comparator/Comparator.srcs/constrs_1/new/Constraints.xdc"/>
        <Attr Name="ImportTime" Val="1551090659"/>
        <Attr Name="UsedIn" Val="synthesis"/>
        <Attr Name="UsedIn" Val="implementation"/>
      </FileInfo>
    </File>
    <Config>
      <Option Name="TargetConstrsFile" Val="$PSRCDIR/constrs_1/new/Constraints.xdc"/>
      <Option Name="ConstrsType" Val="XDC"/>
    </Config>
  </FileSet>
  <Strategy Version="1" Minor="2">
    <StratHandle Name="Vivado Implementation Defaults" Flow="Vivado Implementation 2017"/>
    <Step Id="init_design"/>
    <Step Id="opt_design"/>
    <Step Id="power_opt_design"/>
    <Step Id="place_design"/>
    <Step Id="post_place_power_opt_design"/>
    <Step Id="phys_opt_design"/>
    <Step Id="route_design"/>
    <Step Id="post_route_phys_opt_design"/>
    <Step Id="write_bitstream">
      <Option Id="BinFile">1</Option>
    </Step>
  </Strategy>
</GenRun>
