<?xml version="1.0" encoding="UTF-8"?>
<GenRun Id="synth_1" LaunchPart="xc7a35tcpg236-1" LaunchTime="1554714953">
  <File Type="RDS-PROPCONSTRS" Name="DTypeFlipFlop_drc_synth.rpt"/>
  <File Type="PA-TCL" Name="DTypeFlipFlop.tcl"/>
  <File Type="RDS-RDS" Name="DTypeFlipFlop.vds"/>
  <File Type="RDS-UTIL" Name="DTypeFlipFlop_utilization_synth.rpt"/>
  <File Type="RDS-UTIL-PB" Name="DTypeFlipFlop_utilization_synth.pb"/>
  <File Type="RDS-DCP" Name="DTypeFlipFlop.dcp"/>
  <File Type="VDS-TIMINGSUMMARY" Name="DTypeFlipFlop_timing_summary_synth.rpt"/>
  <File Type="VDS-TIMING-PB" Name="DTypeFlipFlop_timing_summary_synth.pb"/>
  <FileSet Name="sources" Type="DesignSrcs" RelSrcDir="$PSRCDIR/sources_1">
    <Filter Type="Srcs"/>
    <File Path="$PSRCDIR/sources_1/imports/Lab F/DTypeFlipFlop.vhd">
      <FileInfo>
        <Attr Name="ImportPath" Val="C:/Temp/Talha Tallat/Lab F/DTypeFlipFlop.vhd"/>
        <Attr Name="ImportTime" Val="1554712350"/>
        <Attr Name="UsedIn" Val="synthesis"/>
        <Attr Name="UsedIn" Val="simulation"/>
      </FileInfo>
    </File>
    <Config>
      <Option Name="DesignMode" Val="RTL"/>
      <Option Name="TopModule" Val="DTypeFlipFlop"/>
      <Option Name="TopAutoSet" Val="TRUE"/>
    </Config>
  </FileSet>
  <FileSet Name="constrs_in" Type="Constrs" RelSrcDir="$PSRCDIR/constrs_1">
    <Filter Type="Constrs"/>
    <File Path="$PSRCDIR/constrs_1/new/Constraints.xdc">
      <FileInfo>
        <Attr Name="ImportPath" Val="C:/Temp/Talha Tallat/Lab F/FlipFlop/FlipFlop.srcs/constrs_1/new/Constraints.xdc"/>
        <Attr Name="ImportTime" Val="1554714953"/>
        <Attr Name="UsedIn" Val="synthesis"/>
        <Attr Name="UsedIn" Val="implementation"/>
      </FileInfo>
    </File>
    <Config>
      <Option Name="TargetConstrsFile" Val="$PSRCDIR/constrs_1/new/Constraints.xdc"/>
      <Option Name="ConstrsType" Val="XDC"/>
    </Config>
  </FileSet>
  <Strategy Version="1" Minor="2">
    <StratHandle Name="Vivado Synthesis Defaults" Flow="Vivado Synthesis 2017">
      <Desc>Vivado Synthesis Defaults</Desc>
    </StratHandle>
    <Step Id="synth_design"/>
  </Strategy>
</GenRun>
