<?xml version="1.0" encoding="UTF-8"?>
<GenRun Id="impl_1" LaunchPart="xc7a35tcpg236-1" LaunchTime="1554714963">
  <File Type="PLACE-DCP" Name="DTypeFlipFlop_placed.dcp"/>
  <File Type="PA-DCP" Name="DTypeFlipFlop.dcp"/>
  <File Type="OPT-METHODOLOGY-DRC" Name="DTypeFlipFlop_methodology_drc_opted.rpt"/>
  <File Type="INIT-TIMING" Name="DTypeFlipFlop_timing_summary_init.rpt"/>
  <File Type="ROUTE-PWR-RPX" Name="DTypeFlipFlop_power_routed.rpx"/>
  <File Type="PA-TCL" Name="DTypeFlipFlop.tcl"/>
  <File Type="OPT-HWDEF" Name="DTypeFlipFlop.hwdef"/>
  <File Type="RDI-RDI" Name="DTypeFlipFlop.vdi"/>
  <File Type="OPT-DCP" Name="DTypeFlipFlop_opt.dcp"/>
  <File Type="OPT-DRC" Name="DTypeFlipFlop_drc_opted.rpt"/>
  <File Type="OPT-TIMING" Name="DTypeFlipFlop_timing_summary_opted.rpt"/>
  <File Type="PWROPT-DCP" Name="DTypeFlipFlop_pwropt.dcp"/>
  <File Type="PWROPT-DRC" Name="DTypeFlipFlop_drc_pwropted.rpt"/>
  <File Type="PWROPT-TIMING" Name="DTypeFlipFlop_timing_summary_pwropted.rpt"/>
  <File Type="PLACE-IO" Name="DTypeFlipFlop_io_placed.rpt"/>
  <File Type="PLACE-CLK" Name="DTypeFlipFlop_clock_utilization_placed.rpt"/>
  <File Type="PLACE-UTIL" Name="DTypeFlipFlop_utilization_placed.rpt"/>
  <File Type="PLACE-UTIL-PB" Name="DTypeFlipFlop_utilization_placed.pb"/>
  <File Type="PLACE-CTRL" Name="DTypeFlipFlop_control_sets_placed.rpt"/>
  <File Type="PLACE-SIMILARITY" Name="DTypeFlipFlop_incremental_reuse_placed.rpt"/>
  <File Type="PLACE-PRE-SIMILARITY" Name="DTypeFlipFlop_incremental_reuse_pre_placed.rpt"/>
  <File Type="PLACE-TIMING" Name="DTypeFlipFlop_timing_summary_placed.rpt"/>
  <File Type="POSTPLACE-PWROPT-DCP" Name="DTypeFlipFlop_postplace_pwropt.dcp"/>
  <File Type="POSTPLACE-PWROPT-TIMING" Name="DTypeFlipFlop_timing_summary_postplace_pwropted.rpt"/>
  <File Type="PHYSOPT-DCP" Name="DTypeFlipFlop_physopt.dcp"/>
  <File Type="PHYSOPT-DRC" Name="DTypeFlipFlop_drc_physopted.rpt"/>
  <File Type="PHYSOPT-TIMING" Name="DTypeFlipFlop_timing_summary_physopted.rpt"/>
  <File Type="ROUTE-ERROR-DCP" Name="DTypeFlipFlop_routed_error.dcp"/>
  <File Type="ROUTE-DCP" Name="DTypeFlipFlop_routed.dcp"/>
  <File Type="ROUTE-BLACKBOX-DCP" Name="DTypeFlipFlop_routed_bb.dcp"/>
  <File Type="ROUTE-DRC" Name="DTypeFlipFlop_drc_routed.rpt"/>
  <File Type="ROUTE-DRC-PB" Name="DTypeFlipFlop_drc_routed.pb"/>
  <File Type="BG-BIN" Name="DTypeFlipFlop.bin"/>
  <File Type="ROUTE-DRC-RPX" Name="DTypeFlipFlop_drc_routed.rpx"/>
  <File Type="BG-DRC" Name="DTypeFlipFlop.drc"/>
  <File Type="ROUTE-METHODOLOGY-DRC" Name="DTypeFlipFlop_methodology_drc_routed.rpt"/>
  <File Type="BITSTR-MSK" Name="DTypeFlipFlop.msk"/>
  <File Type="ROUTE-METHODOLOGY-DRC-RPX" Name="DTypeFlipFlop_methodology_drc_routed.rpx"/>
  <File Type="BG-BGN" Name="DTypeFlipFlop.bgn"/>
  <File Type="ROUTE-METHODOLOGY-DRC-PB" Name="DTypeFlipFlop_methodology_drc_routed.pb"/>
  <File Type="ROUTE-PWR" Name="DTypeFlipFlop_power_routed.rpt"/>
  <File Type="ROUTE-PWR-SUM" Name="DTypeFlipFlop_power_summary_routed.pb"/>
  <File Type="ROUTE-STATUS" Name="DTypeFlipFlop_route_status.rpt"/>
  <File Type="ROUTE-STATUS-PB" Name="DTypeFlipFlop_route_status.pb"/>
  <File Type="ROUTE-TIMINGSUMMARY" Name="DTypeFlipFlop_timing_summary_routed.rpt"/>
  <File Type="ROUTE-TIMING-PB" Name="DTypeFlipFlop_timing_summary_routed.pb"/>
  <File Type="ROUTE-TIMING-RPX" Name="DTypeFlipFlop_timing_summary_routed.rpx"/>
  <File Type="ROUTE-SIMILARITY" Name="DTypeFlipFlop_incremental_reuse_routed.rpt"/>
  <File Type="ROUTE-CLK" Name="DTypeFlipFlop_clock_utilization_routed.rpt"/>
  <File Type="POSTROUTE-PHYSOPT-DCP" Name="DTypeFlipFlop_postroute_physopt.dcp"/>
  <File Type="POSTROUTE-PHYSOPT-BLACKBOX-DCP" Name="DTypeFlipFlop_postroute_physopt_bb.dcp"/>
  <File Type="POSTROUTE-PHYSOPT-TIMING" Name="DTypeFlipFlop_timing_summary_postroute_physopted.rpt"/>
  <File Type="POSTROUTE-PHYSOPT-TIMING-PB" Name="DTypeFlipFlop_timing_summary_postroute_physopted.pb"/>
  <File Type="POSTROUTE-PHYSOPT-TIMING-RPX" Name="DTypeFlipFlop_timing_summary_postroute_physopted.rpx"/>
  <File Type="BG-BIT" Name="DTypeFlipFlop.bit"/>
  <File Type="BITSTR-RBT" Name="DTypeFlipFlop.rbt"/>
  <File Type="BITSTR-NKY" Name="DTypeFlipFlop.nky"/>
  <File Type="BITSTR-BMM" Name="DTypeFlipFlop_bd.bmm"/>
  <File Type="BITSTR-MMI" Name="DTypeFlipFlop.mmi"/>
  <File Type="BITSTR-SYSDEF" Name="DTypeFlipFlop.sysdef"/>
  <File Type="WBT-USG" Name="usage_statistics_webtalk.html"/>
  <FileSet Name="sources" Type="DesignSrcs" RelSrcDir="$PSRCDIR/sources_1">
    <Filter Type="Srcs"/>
    <File Path="$PSRCDIR/sources_1/imports/Lab F/DTypeFlipFlop.vhd">
      <FileInfo>
        <Attr Name="ImportPath" Val="C:/Temp/Talha Tallat/Lab F/DTypeFlipFlop.vhd"/>
        <Attr Name="ImportTime" Val="1554712350"/>
        <Attr Name="UsedIn" Val="synthesis"/>
        <Attr Name="UsedIn" Val="simulation"/>
      </FileInfo>
    </File>
    <Config>
      <Option Name="DesignMode" Val="RTL"/>
      <Option Name="TopModule" Val="DTypeFlipFlop"/>
      <Option Name="TopAutoSet" Val="TRUE"/>
    </Config>
  </FileSet>
  <FileSet Name="constrs_in" Type="Constrs" RelSrcDir="$PSRCDIR/constrs_1">
    <Filter Type="Constrs"/>
    <File Path="$PSRCDIR/constrs_1/new/Constraints.xdc">
      <FileInfo>
        <Attr Name="ImportPath" Val="C:/Temp/Talha Tallat/Lab F/FlipFlop/FlipFlop.srcs/constrs_1/new/Constraints.xdc"/>
        <Attr Name="ImportTime" Val="1554714953"/>
        <Attr Name="UsedIn" Val="synthesis"/>
        <Attr Name="UsedIn" Val="implementation"/>
      </FileInfo>
    </File>
    <Config>
      <Option Name="TargetConstrsFile" Val="$PSRCDIR/constrs_1/new/Constraints.xdc"/>
      <Option Name="ConstrsType" Val="XDC"/>
    </Config>
  </FileSet>
  <Strategy Version="1" Minor="2">
    <StratHandle Name="Vivado Implementation Defaults" Flow="Vivado Implementation 2017">
      <Desc>Default settings for Implementation.</Desc>
    </StratHandle>
    <Step Id="init_design"/>
    <Step Id="opt_design"/>
    <Step Id="power_opt_design"/>
    <Step Id="place_design"/>
    <Step Id="post_place_power_opt_design"/>
    <Step Id="phys_opt_design"/>
    <Step Id="route_design"/>
    <Step Id="post_route_phys_opt_design"/>
    <Step Id="write_bitstream">
      <Option Id="BinFile">1</Option>
    </Step>
  </Strategy>
</GenRun>
