<?xml version="1.0" encoding="UTF-8"?>
<GenRun Id="synth_1" LaunchPart="xc7a35tcpg236-1" LaunchTime="1553509637">
  <File Type="RDS-PROPCONSTRS" Name="NAND_Cell_drc_synth.rpt"/>
  <File Type="PA-TCL" Name="NAND_Cell.tcl"/>
  <File Type="RDS-RDS" Name="NAND_Cell.vds"/>
  <File Type="RDS-UTIL" Name="NAND_Cell_utilization_synth.rpt"/>
  <File Type="RDS-UTIL-PB" Name="NAND_Cell_utilization_synth.pb"/>
  <File Type="RDS-DCP" Name="NAND_Cell.dcp"/>
  <File Type="VDS-TIMINGSUMMARY" Name="NAND_Cell_timing_summary_synth.rpt"/>
  <File Type="VDS-TIMING-PB" Name="NAND_Cell_timing_summary_synth.pb"/>
  <FileSet Name="sources" Type="DesignSrcs" RelSrcDir="$PSRCDIR/sources_1">
    <Filter Type="Srcs"/>
    <File Path="$PSRCDIR/sources_1/imports/Memory/NAND_Cell.vhd">
      <FileInfo>
        <Attr Name="ImportPath" Val="C:/Users/d18124645/Documents/Talha Tallat/Memory/NAND_Cell.vhd"/>
        <Attr Name="ImportTime" Val="1553505529"/>
        <Attr Name="UsedIn" Val="synthesis"/>
        <Attr Name="UsedIn" Val="simulation"/>
      </FileInfo>
    </File>
    <Config>
      <Option Name="DesignMode" Val="RTL"/>
      <Option Name="TopModule" Val="NAND_Cell"/>
      <Option Name="TopAutoSet" Val="TRUE"/>
    </Config>
  </FileSet>
  <FileSet Name="constrs_in" Type="Constrs" RelSrcDir="$PSRCDIR/constrs_1">
    <Filter Type="Constrs"/>
    <File Path="$PSRCDIR/constrs_1/new/Constraits.xdc">
      <FileInfo>
        <Attr Name="ImportPath" Val="C:/Users/d18124645/Documents/Talha Tallat/Memory/Memory.srcs/constrs_1/new/Constraits.xdc"/>
        <Attr Name="ImportTime" Val="1553509637"/>
        <Attr Name="UsedIn" Val="synthesis"/>
        <Attr Name="UsedIn" Val="implementation"/>
      </FileInfo>
    </File>
    <Config>
      <Option Name="TargetConstrsFile" Val="$PSRCDIR/constrs_1/new/Constraits.xdc"/>
      <Option Name="ConstrsType" Val="XDC"/>
    </Config>
  </FileSet>
  <Strategy Version="1" Minor="2">
    <StratHandle Name="Vivado Synthesis Defaults" Flow="Vivado Synthesis 2017">
      <Desc>Vivado Synthesis Defaults</Desc>
    </StratHandle>
    <Step Id="synth_design"/>
  </Strategy>
</GenRun>
