<?xml version="1.0" encoding="UTF-8"?>
<GenRun Id="synth_1" LaunchPart="xc7a35tcpg236-1" LaunchTime="1557253712">
  <File Type="RDS-PROPCONSTRS" Name="byteadd_drc_synth.rpt"/>
  <File Type="PA-TCL" Name="byteadd.tcl"/>
  <File Type="RDS-RDS" Name="byteadd.vds"/>
  <File Type="RDS-UTIL" Name="byteadd_utilization_synth.rpt"/>
  <File Type="RDS-UTIL-PB" Name="byteadd_utilization_synth.pb"/>
  <File Type="RDS-DCP" Name="byteadd.dcp"/>
  <File Type="VDS-TIMINGSUMMARY" Name="byteadd_timing_summary_synth.rpt"/>
  <File Type="VDS-TIMING-PB" Name="byteadd_timing_summary_synth.pb"/>
  <FileSet Name="sources" Type="DesignSrcs" RelSrcDir="$PSRCDIR/sources_1">
    <Filter Type="Srcs"/>
    <File Path="$PSRCDIR/sources_1/imports/Talha Tallat/XSE.vhd">
      <FileInfo>
        <Attr Name="Library" Val="XSE"/>
        <Attr Name="ImportPath" Val="C:/Temp/Talha Tallat/XSE.vhd"/>
        <Attr Name="ImportTime" Val="1551693087"/>
        <Attr Name="UsedIn" Val="synthesis"/>
        <Attr Name="UsedIn" Val="simulation"/>
      </FileInfo>
    </File>
    <File Path="$PSRCDIR/sources_1/imports/Talha Tallat/ByteAdd.vhd">
      <FileInfo>
        <Attr Name="ImportPath" Val="C:/Temp/Talha Tallat/ByteAdd.vhd"/>
        <Attr Name="ImportTime" Val="1551692933"/>
        <Attr Name="UsedIn" Val="synthesis"/>
        <Attr Name="UsedIn" Val="simulation"/>
      </FileInfo>
    </File>
    <Config>
      <Option Name="DesignMode" Val="RTL"/>
      <Option Name="TopModule" Val="byteadd"/>
      <Option Name="TopAutoSet" Val="TRUE"/>
    </Config>
  </FileSet>
  <FileSet Name="constrs_in" Type="Constrs" RelSrcDir="$PSRCDIR/constrs_1">
    <Filter Type="Constrs"/>
    <File Path="$PSRCDIR/constrs_1/new/Constraints.xdc">
      <FileInfo>
        <Attr Name="ImportPath" Val="$PPRDIR/../Byte_8Bit/Byte_8Bit.srcs/constrs_1/new/Constraints.xdc"/>
        <Attr Name="ImportTime" Val="1557253712"/>
        <Attr Name="UsedIn" Val="synthesis"/>
        <Attr Name="UsedIn" Val="implementation"/>
      </FileInfo>
    </File>
    <Config>
      <Option Name="TargetConstrsFile" Val="$PSRCDIR/constrs_1/new/Constraints.xdc"/>
      <Option Name="ConstrsType" Val="XDC"/>
    </Config>
  </FileSet>
  <Strategy Version="1" Minor="2">
    <StratHandle Name="Vivado Synthesis Defaults" Flow="Vivado Synthesis 2017"/>
    <Step Id="synth_design"/>
  </Strategy>
</GenRun>
