<?xml version="1.0" encoding="UTF-8"?>
<GenRun Id="impl_1" LaunchPart="xc7a35tcpg236-1" LaunchTime="1553509639">
  <File Type="PLACE-DCP" Name="NAND_Cell_placed.dcp"/>
  <File Type="PA-DCP" Name="NAND_Cell.dcp"/>
  <File Type="OPT-METHODOLOGY-DRC" Name="NAND_Cell_methodology_drc_opted.rpt"/>
  <File Type="INIT-TIMING" Name="NAND_Cell_timing_summary_init.rpt"/>
  <File Type="ROUTE-PWR-RPX" Name="NAND_Cell_power_routed.rpx"/>
  <File Type="PA-TCL" Name="NAND_Cell.tcl"/>
  <File Type="OPT-HWDEF" Name="NAND_Cell.hwdef"/>
  <File Type="RDI-RDI" Name="NAND_Cell.vdi"/>
  <File Type="OPT-DCP" Name="NAND_Cell_opt.dcp"/>
  <File Type="OPT-DRC" Name="NAND_Cell_drc_opted.rpt"/>
  <File Type="OPT-TIMING" Name="NAND_Cell_timing_summary_opted.rpt"/>
  <File Type="PWROPT-DCP" Name="NAND_Cell_pwropt.dcp"/>
  <File Type="PWROPT-DRC" Name="NAND_Cell_drc_pwropted.rpt"/>
  <File Type="PWROPT-TIMING" Name="NAND_Cell_timing_summary_pwropted.rpt"/>
  <File Type="PLACE-IO" Name="NAND_Cell_io_placed.rpt"/>
  <File Type="PLACE-CLK" Name="NAND_Cell_clock_utilization_placed.rpt"/>
  <File Type="PLACE-UTIL" Name="NAND_Cell_utilization_placed.rpt"/>
  <File Type="PLACE-UTIL-PB" Name="NAND_Cell_utilization_placed.pb"/>
  <File Type="PLACE-CTRL" Name="NAND_Cell_control_sets_placed.rpt"/>
  <File Type="PLACE-SIMILARITY" Name="NAND_Cell_incremental_reuse_placed.rpt"/>
  <File Type="PLACE-PRE-SIMILARITY" Name="NAND_Cell_incremental_reuse_pre_placed.rpt"/>
  <File Type="PLACE-TIMING" Name="NAND_Cell_timing_summary_placed.rpt"/>
  <File Type="POSTPLACE-PWROPT-DCP" Name="NAND_Cell_postplace_pwropt.dcp"/>
  <File Type="POSTPLACE-PWROPT-TIMING" Name="NAND_Cell_timing_summary_postplace_pwropted.rpt"/>
  <File Type="PHYSOPT-DCP" Name="NAND_Cell_physopt.dcp"/>
  <File Type="PHYSOPT-DRC" Name="NAND_Cell_drc_physopted.rpt"/>
  <File Type="PHYSOPT-TIMING" Name="NAND_Cell_timing_summary_physopted.rpt"/>
  <File Type="ROUTE-ERROR-DCP" Name="NAND_Cell_routed_error.dcp"/>
  <File Type="ROUTE-DCP" Name="NAND_Cell_routed.dcp"/>
  <File Type="ROUTE-BLACKBOX-DCP" Name="NAND_Cell_routed_bb.dcp"/>
  <File Type="ROUTE-DRC" Name="NAND_Cell_drc_routed.rpt"/>
  <File Type="ROUTE-DRC-PB" Name="NAND_Cell_drc_routed.pb"/>
  <File Type="BG-BIN" Name="NAND_Cell.bin"/>
  <File Type="ROUTE-DRC-RPX" Name="NAND_Cell_drc_routed.rpx"/>
  <File Type="BG-DRC" Name="NAND_Cell.drc"/>
  <File Type="ROUTE-METHODOLOGY-DRC" Name="NAND_Cell_methodology_drc_routed.rpt"/>
  <File Type="BITSTR-MSK" Name="NAND_Cell.msk"/>
  <File Type="ROUTE-METHODOLOGY-DRC-RPX" Name="NAND_Cell_methodology_drc_routed.rpx"/>
  <File Type="BG-BGN" Name="NAND_Cell.bgn"/>
  <File Type="ROUTE-METHODOLOGY-DRC-PB" Name="NAND_Cell_methodology_drc_routed.pb"/>
  <File Type="ROUTE-PWR" Name="NAND_Cell_power_routed.rpt"/>
  <File Type="ROUTE-PWR-SUM" Name="NAND_Cell_power_summary_routed.pb"/>
  <File Type="ROUTE-STATUS" Name="NAND_Cell_route_status.rpt"/>
  <File Type="ROUTE-STATUS-PB" Name="NAND_Cell_route_status.pb"/>
  <File Type="ROUTE-TIMINGSUMMARY" Name="NAND_Cell_timing_summary_routed.rpt"/>
  <File Type="ROUTE-TIMING-PB" Name="NAND_Cell_timing_summary_routed.pb"/>
  <File Type="ROUTE-TIMING-RPX" Name="NAND_Cell_timing_summary_routed.rpx"/>
  <File Type="ROUTE-SIMILARITY" Name="NAND_Cell_incremental_reuse_routed.rpt"/>
  <File Type="ROUTE-CLK" Name="NAND_Cell_clock_utilization_routed.rpt"/>
  <File Type="POSTROUTE-PHYSOPT-DCP" Name="NAND_Cell_postroute_physopt.dcp"/>
  <File Type="POSTROUTE-PHYSOPT-BLACKBOX-DCP" Name="NAND_Cell_postroute_physopt_bb.dcp"/>
  <File Type="POSTROUTE-PHYSOPT-TIMING" Name="NAND_Cell_timing_summary_postroute_physopted.rpt"/>
  <File Type="POSTROUTE-PHYSOPT-TIMING-PB" Name="NAND_Cell_timing_summary_postroute_physopted.pb"/>
  <File Type="POSTROUTE-PHYSOPT-TIMING-RPX" Name="NAND_Cell_timing_summary_postroute_physopted.rpx"/>
  <File Type="BG-BIT" Name="NAND_Cell.bit"/>
  <File Type="BITSTR-RBT" Name="NAND_Cell.rbt"/>
  <File Type="BITSTR-NKY" Name="NAND_Cell.nky"/>
  <File Type="BITSTR-BMM" Name="NAND_Cell_bd.bmm"/>
  <File Type="BITSTR-MMI" Name="NAND_Cell.mmi"/>
  <File Type="BITSTR-SYSDEF" Name="NAND_Cell.sysdef"/>
  <File Type="WBT-USG" Name="usage_statistics_webtalk.html"/>
  <FileSet Name="sources" Type="DesignSrcs" RelSrcDir="$PSRCDIR/sources_1">
    <Filter Type="Srcs"/>
    <File Path="$PSRCDIR/sources_1/imports/Memory/NAND_Cell.vhd">
      <FileInfo>
        <Attr Name="ImportPath" Val="C:/Users/d18124645/Documents/Talha Tallat/Memory/NAND_Cell.vhd"/>
        <Attr Name="ImportTime" Val="1553505529"/>
        <Attr Name="UsedIn" Val="synthesis"/>
        <Attr Name="UsedIn" Val="simulation"/>
      </FileInfo>
    </File>
    <Config>
      <Option Name="DesignMode" Val="RTL"/>
      <Option Name="TopModule" Val="NAND_Cell"/>
      <Option Name="TopAutoSet" Val="TRUE"/>
    </Config>
  </FileSet>
  <FileSet Name="constrs_in" Type="Constrs" RelSrcDir="$PSRCDIR/constrs_1">
    <Filter Type="Constrs"/>
    <File Path="$PSRCDIR/constrs_1/new/Constraits.xdc">
      <FileInfo>
        <Attr Name="ImportPath" Val="C:/Users/d18124645/Documents/Talha Tallat/Memory/Memory.srcs/constrs_1/new/Constraits.xdc"/>
        <Attr Name="ImportTime" Val="1553509637"/>
        <Attr Name="UsedIn" Val="synthesis"/>
        <Attr Name="UsedIn" Val="implementation"/>
      </FileInfo>
    </File>
    <Config>
      <Option Name="TargetConstrsFile" Val="$PSRCDIR/constrs_1/new/Constraits.xdc"/>
      <Option Name="ConstrsType" Val="XDC"/>
    </Config>
  </FileSet>
  <Strategy Version="1" Minor="2">
    <StratHandle Name="Vivado Implementation Defaults" Flow="Vivado Implementation 2017">
      <Desc>Default settings for Implementation.</Desc>
    </StratHandle>
    <Step Id="init_design"/>
    <Step Id="opt_design"/>
    <Step Id="power_opt_design"/>
    <Step Id="place_design"/>
    <Step Id="post_place_power_opt_design"/>
    <Step Id="phys_opt_design"/>
    <Step Id="route_design"/>
    <Step Id="post_route_phys_opt_design"/>
    <Step Id="write_bitstream"/>
  </Strategy>
</GenRun>
