<?xml version="1.0" encoding="UTF-8"?>
<GenRun Id="impl_1" LaunchPart="xc7a35tcpg236-1" LaunchTime="1557254096">
  <File Type="PWROPT-DRC" Name="byteadd_drc_pwropted.rpt"/>
  <File Type="OPT-METHODOLOGY-DRC" Name="byteadd_methodology_drc_opted.rpt"/>
  <File Type="INIT-TIMING" Name="byteadd_timing_summary_init.rpt"/>
  <File Type="ROUTE-PWR-RPX" Name="byteadd_power_routed.rpx"/>
  <File Type="PA-TCL" Name="byteadd.tcl"/>
  <File Type="OPT-HWDEF" Name="byteadd.hwdef"/>
  <File Type="RDI-RDI" Name="byteadd.vdi"/>
  <File Type="OPT-DCP" Name="byteadd_opt.dcp"/>
  <File Type="OPT-DRC" Name="byteadd_drc_opted.rpt"/>
  <File Type="OPT-TIMING" Name="byteadd_timing_summary_opted.rpt"/>
  <File Type="PWROPT-DCP" Name="byteadd_pwropt.dcp"/>
  <File Type="PWROPT-TIMING" Name="byteadd_timing_summary_pwropted.rpt"/>
  <File Type="PLACE-DCP" Name="byteadd_placed.dcp"/>
  <File Type="PLACE-IO" Name="byteadd_io_placed.rpt"/>
  <File Type="PLACE-CLK" Name="byteadd_clock_utilization_placed.rpt"/>
  <File Type="PLACE-UTIL" Name="byteadd_utilization_placed.rpt"/>
  <File Type="PLACE-UTIL-PB" Name="byteadd_utilization_placed.pb"/>
  <File Type="PLACE-CTRL" Name="byteadd_control_sets_placed.rpt"/>
  <File Type="PLACE-SIMILARITY" Name="byteadd_incremental_reuse_placed.rpt"/>
  <File Type="PLACE-PRE-SIMILARITY" Name="byteadd_incremental_reuse_pre_placed.rpt"/>
  <File Type="PLACE-TIMING" Name="byteadd_timing_summary_placed.rpt"/>
  <File Type="POSTPLACE-PWROPT-DCP" Name="byteadd_postplace_pwropt.dcp"/>
  <File Type="POSTPLACE-PWROPT-TIMING" Name="byteadd_timing_summary_postplace_pwropted.rpt"/>
  <File Type="PHYSOPT-DCP" Name="byteadd_physopt.dcp"/>
  <File Type="PHYSOPT-DRC" Name="byteadd_drc_physopted.rpt"/>
  <File Type="PHYSOPT-TIMING" Name="byteadd_timing_summary_physopted.rpt"/>
  <File Type="ROUTE-ERROR-DCP" Name="byteadd_routed_error.dcp"/>
  <File Type="ROUTE-DCP" Name="byteadd_routed.dcp"/>
  <File Type="ROUTE-BLACKBOX-DCP" Name="byteadd_routed_bb.dcp"/>
  <File Type="ROUTE-DRC" Name="byteadd_drc_routed.rpt"/>
  <File Type="ROUTE-DRC-PB" Name="byteadd_drc_routed.pb"/>
  <File Type="BG-BIN" Name="byteadd.bin"/>
  <File Type="ROUTE-DRC-RPX" Name="byteadd_drc_routed.rpx"/>
  <File Type="BG-DRC" Name="byteadd.drc"/>
  <File Type="ROUTE-METHODOLOGY-DRC" Name="byteadd_methodology_drc_routed.rpt"/>
  <File Type="BITSTR-MSK" Name="byteadd.msk"/>
  <File Type="ROUTE-METHODOLOGY-DRC-RPX" Name="byteadd_methodology_drc_routed.rpx"/>
  <File Type="BG-BGN" Name="byteadd.bgn"/>
  <File Type="ROUTE-METHODOLOGY-DRC-PB" Name="byteadd_methodology_drc_routed.pb"/>
  <File Type="ROUTE-PWR" Name="byteadd_power_routed.rpt"/>
  <File Type="ROUTE-PWR-SUM" Name="byteadd_power_summary_routed.pb"/>
  <File Type="ROUTE-STATUS" Name="byteadd_route_status.rpt"/>
  <File Type="ROUTE-STATUS-PB" Name="byteadd_route_status.pb"/>
  <File Type="ROUTE-TIMINGSUMMARY" Name="byteadd_timing_summary_routed.rpt"/>
  <File Type="ROUTE-TIMING-PB" Name="byteadd_timing_summary_routed.pb"/>
  <File Type="ROUTE-TIMING-RPX" Name="byteadd_timing_summary_routed.rpx"/>
  <File Type="ROUTE-SIMILARITY" Name="byteadd_incremental_reuse_routed.rpt"/>
  <File Type="ROUTE-CLK" Name="byteadd_clock_utilization_routed.rpt"/>
  <File Type="POSTROUTE-PHYSOPT-DCP" Name="byteadd_postroute_physopt.dcp"/>
  <File Type="POSTROUTE-PHYSOPT-BLACKBOX-DCP" Name="byteadd_postroute_physopt_bb.dcp"/>
  <File Type="POSTROUTE-PHYSOPT-TIMING" Name="byteadd_timing_summary_postroute_physopted.rpt"/>
  <File Type="POSTROUTE-PHYSOPT-TIMING-PB" Name="byteadd_timing_summary_postroute_physopted.pb"/>
  <File Type="POSTROUTE-PHYSOPT-TIMING-RPX" Name="byteadd_timing_summary_postroute_physopted.rpx"/>
  <File Type="BG-BIT" Name="byteadd.bit"/>
  <File Type="BITSTR-RBT" Name="byteadd.rbt"/>
  <File Type="BITSTR-NKY" Name="byteadd.nky"/>
  <File Type="BITSTR-BMM" Name="byteadd_bd.bmm"/>
  <File Type="BITSTR-MMI" Name="byteadd.mmi"/>
  <File Type="BITSTR-SYSDEF" Name="byteadd.sysdef"/>
  <File Type="WBT-USG" Name="usage_statistics_webtalk.html"/>
  <FileSet Name="sources" Type="DesignSrcs" RelSrcDir="$PSRCDIR/sources_1">
    <Filter Type="Srcs"/>
    <File Path="$PSRCDIR/sources_1/imports/Talha Tallat/XSE.vhd">
      <FileInfo>
        <Attr Name="Library" Val="XSE"/>
        <Attr Name="ImportPath" Val="C:/Temp/Talha Tallat/XSE.vhd"/>
        <Attr Name="ImportTime" Val="1551693087"/>
        <Attr Name="UsedIn" Val="synthesis"/>
        <Attr Name="UsedIn" Val="simulation"/>
      </FileInfo>
    </File>
    <File Path="$PSRCDIR/sources_1/imports/Talha Tallat/ByteAdd.vhd">
      <FileInfo>
        <Attr Name="ImportPath" Val="C:/Temp/Talha Tallat/ByteAdd.vhd"/>
        <Attr Name="ImportTime" Val="1551692933"/>
        <Attr Name="UsedIn" Val="synthesis"/>
        <Attr Name="UsedIn" Val="simulation"/>
      </FileInfo>
    </File>
    <Config>
      <Option Name="DesignMode" Val="RTL"/>
      <Option Name="TopModule" Val="byteadd"/>
      <Option Name="TopAutoSet" Val="TRUE"/>
    </Config>
  </FileSet>
  <FileSet Name="constrs_in" Type="Constrs" RelSrcDir="$PSRCDIR/constrs_1">
    <Filter Type="Constrs"/>
    <File Path="$PSRCDIR/constrs_1/new/Constraints.xdc">
      <FileInfo>
        <Attr Name="ImportPath" Val="$PPRDIR/../Byte_8Bit/Byte_8Bit.srcs/constrs_1/new/Constraints.xdc"/>
        <Attr Name="ImportTime" Val="1557253712"/>
        <Attr Name="UsedIn" Val="synthesis"/>
        <Attr Name="UsedIn" Val="implementation"/>
      </FileInfo>
    </File>
    <Config>
      <Option Name="TargetConstrsFile" Val="$PSRCDIR/constrs_1/new/Constraints.xdc"/>
      <Option Name="ConstrsType" Val="XDC"/>
    </Config>
  </FileSet>
  <Strategy Version="1" Minor="2">
    <StratHandle Name="Vivado Implementation Defaults" Flow="Vivado Implementation 2017"/>
    <Step Id="init_design"/>
    <Step Id="opt_design"/>
    <Step Id="power_opt_design"/>
    <Step Id="place_design"/>
    <Step Id="post_place_power_opt_design"/>
    <Step Id="phys_opt_design"/>
    <Step Id="route_design"/>
    <Step Id="post_route_phys_opt_design"/>
    <Step Id="write_bitstream"/>
  </Strategy>
</GenRun>
