<?xml version="1.0" encoding="UTF-8"?>
<GenRun Id="impl_1" LaunchPart="xc7a35tcpg236-1" LaunchTime="1549877756">
  <File Type="PLACE-DCP" Name="Comparator_placed.dcp"/>
  <File Type="PA-DCP" Name="Comparator.dcp"/>
  <File Type="OPT-METHODOLOGY-DRC" Name="Comparator_methodology_drc_opted.rpt"/>
  <File Type="INIT-TIMING" Name="Comparator_timing_summary_init.rpt"/>
  <File Type="ROUTE-PWR-RPX" Name="Comparator_power_routed.rpx"/>
  <File Type="PA-TCL" Name="Comparator.tcl"/>
  <File Type="OPT-HWDEF" Name="Comparator.hwdef"/>
  <File Type="RDI-RDI" Name="Comparator.vdi"/>
  <File Type="OPT-DCP" Name="Comparator_opt.dcp"/>
  <File Type="OPT-DRC" Name="Comparator_drc_opted.rpt"/>
  <File Type="OPT-TIMING" Name="Comparator_timing_summary_opted.rpt"/>
  <File Type="PWROPT-DCP" Name="Comparator_pwropt.dcp"/>
  <File Type="PWROPT-DRC" Name="Comparator_drc_pwropted.rpt"/>
  <File Type="PWROPT-TIMING" Name="Comparator_timing_summary_pwropted.rpt"/>
  <File Type="PLACE-IO" Name="Comparator_io_placed.rpt"/>
  <File Type="PLACE-CLK" Name="Comparator_clock_utilization_placed.rpt"/>
  <File Type="PLACE-UTIL" Name="Comparator_utilization_placed.rpt"/>
  <File Type="PLACE-UTIL-PB" Name="Comparator_utilization_placed.pb"/>
  <File Type="PLACE-CTRL" Name="Comparator_control_sets_placed.rpt"/>
  <File Type="PLACE-SIMILARITY" Name="Comparator_incremental_reuse_placed.rpt"/>
  <File Type="PLACE-PRE-SIMILARITY" Name="Comparator_incremental_reuse_pre_placed.rpt"/>
  <File Type="PLACE-TIMING" Name="Comparator_timing_summary_placed.rpt"/>
  <File Type="POSTPLACE-PWROPT-DCP" Name="Comparator_postplace_pwropt.dcp"/>
  <File Type="POSTPLACE-PWROPT-TIMING" Name="Comparator_timing_summary_postplace_pwropted.rpt"/>
  <File Type="PHYSOPT-DCP" Name="Comparator_physopt.dcp"/>
  <File Type="PHYSOPT-DRC" Name="Comparator_drc_physopted.rpt"/>
  <File Type="PHYSOPT-TIMING" Name="Comparator_timing_summary_physopted.rpt"/>
  <File Type="ROUTE-ERROR-DCP" Name="Comparator_routed_error.dcp"/>
  <File Type="ROUTE-DCP" Name="Comparator_routed.dcp"/>
  <File Type="ROUTE-BLACKBOX-DCP" Name="Comparator_routed_bb.dcp"/>
  <File Type="ROUTE-DRC" Name="Comparator_drc_routed.rpt"/>
  <File Type="ROUTE-DRC-PB" Name="Comparator_drc_routed.pb"/>
  <File Type="BG-BIN" Name="Comparator.bin"/>
  <File Type="ROUTE-DRC-RPX" Name="Comparator_drc_routed.rpx"/>
  <File Type="BG-DRC" Name="Comparator.drc"/>
  <File Type="ROUTE-METHODOLOGY-DRC" Name="Comparator_methodology_drc_routed.rpt"/>
  <File Type="BITSTR-MSK" Name="Comparator.msk"/>
  <File Type="ROUTE-METHODOLOGY-DRC-RPX" Name="Comparator_methodology_drc_routed.rpx"/>
  <File Type="BG-BGN" Name="Comparator.bgn"/>
  <File Type="ROUTE-METHODOLOGY-DRC-PB" Name="Comparator_methodology_drc_routed.pb"/>
  <File Type="ROUTE-PWR" Name="Comparator_power_routed.rpt"/>
  <File Type="ROUTE-PWR-SUM" Name="Comparator_power_summary_routed.pb"/>
  <File Type="ROUTE-STATUS" Name="Comparator_route_status.rpt"/>
  <File Type="ROUTE-STATUS-PB" Name="Comparator_route_status.pb"/>
  <File Type="ROUTE-TIMINGSUMMARY" Name="Comparator_timing_summary_routed.rpt"/>
  <File Type="ROUTE-TIMING-PB" Name="Comparator_timing_summary_routed.pb"/>
  <File Type="ROUTE-TIMING-RPX" Name="Comparator_timing_summary_routed.rpx"/>
  <File Type="ROUTE-SIMILARITY" Name="Comparator_incremental_reuse_routed.rpt"/>
  <File Type="ROUTE-CLK" Name="Comparator_clock_utilization_routed.rpt"/>
  <File Type="POSTROUTE-PHYSOPT-DCP" Name="Comparator_postroute_physopt.dcp"/>
  <File Type="POSTROUTE-PHYSOPT-BLACKBOX-DCP" Name="Comparator_postroute_physopt_bb.dcp"/>
  <File Type="POSTROUTE-PHYSOPT-TIMING" Name="Comparator_timing_summary_postroute_physopted.rpt"/>
  <File Type="POSTROUTE-PHYSOPT-TIMING-PB" Name="Comparator_timing_summary_postroute_physopted.pb"/>
  <File Type="POSTROUTE-PHYSOPT-TIMING-RPX" Name="Comparator_timing_summary_postroute_physopted.rpx"/>
  <File Type="BG-BIT" Name="Comparator.bit"/>
  <File Type="BITSTR-RBT" Name="Comparator.rbt"/>
  <File Type="BITSTR-NKY" Name="Comparator.nky"/>
  <File Type="BITSTR-BMM" Name="Comparator_bd.bmm"/>
  <File Type="BITSTR-MMI" Name="Comparator.mmi"/>
  <File Type="BITSTR-SYSDEF" Name="Comparator.sysdef"/>
  <File Type="WBT-USG" Name="usage_statistics_webtalk.html"/>
  <FileSet Name="sources" Type="DesignSrcs" RelSrcDir="$PSRCDIR/sources_1">
    <Filter Type="Srcs"/>
    <File Path="$PSRCDIR/sources_1/new/Comparator.vhd">
      <FileInfo>
        <Attr Name="ImportPath" Val="$PPRDIR/../../../Users/d18124645/Documents/Talha Tallat/Comparator/Comparator.srcs/sources_1/new/Comparator.vhd"/>
        <Attr Name="ImportTime" Val="1549275727"/>
        <Attr Name="UsedIn" Val="synthesis"/>
        <Attr Name="UsedIn" Val="simulation"/>
      </FileInfo>
    </File>
    <Config>
      <Option Name="DesignMode" Val="RTL"/>
      <Option Name="TopModule" Val="Comparator"/>
      <Option Name="TopAutoSet" Val="TRUE"/>
    </Config>
  </FileSet>
  <FileSet Name="constrs_in" Type="Constrs" RelSrcDir="$PSRCDIR/constrs_1">
    <Filter Type="Constrs"/>
    <File Path="$PSRCDIR/constrs_1/new/Constraints.xdc">
      <FileInfo>
        <Attr Name="ImportPath" Val="$PPRDIR/../../../Users/d18124645/Documents/Talha Tallat/Comparator/Comparator.srcs/constrs_1/new/Constraints.xdc"/>
        <Attr Name="ImportTime" Val="1549277719"/>
        <Attr Name="UsedIn" Val="synthesis"/>
        <Attr Name="UsedIn" Val="implementation"/>
      </FileInfo>
    </File>
    <Config>
      <Option Name="TargetConstrsFile" Val="$PSRCDIR/constrs_1/new/Constraints.xdc"/>
      <Option Name="ConstrsType" Val="XDC"/>
    </Config>
  </FileSet>
  <Strategy Version="1" Minor="2">
    <StratHandle Name="Vivado Implementation Defaults" Flow="Vivado Implementation 2017"/>
    <Step Id="init_design"/>
    <Step Id="opt_design"/>
    <Step Id="power_opt_design"/>
    <Step Id="place_design"/>
    <Step Id="post_place_power_opt_design"/>
    <Step Id="phys_opt_design"/>
    <Step Id="route_design"/>
    <Step Id="post_route_phys_opt_design"/>
    <Step Id="write_bitstream">
      <Option Id="BinFile">1</Option>
    </Step>
  </Strategy>
</GenRun>
