<?xml version="1.0" encoding="UTF-8"?>
<GenRun Id="synth_1" LaunchPart="xc7a35tcpg236-1" LaunchTime="1551090663">
  <File Type="RDS-PROPCONSTRS" Name="Combinational_drc_synth.rpt"/>
  <File Type="PA-TCL" Name="Combinational.tcl"/>
  <File Type="RDS-RDS" Name="Combinational.vds"/>
  <File Type="RDS-UTIL" Name="Combinational_utilization_synth.rpt"/>
  <File Type="RDS-UTIL-PB" Name="Combinational_utilization_synth.pb"/>
  <File Type="RDS-DCP" Name="Combinational.dcp"/>
  <File Type="VDS-TIMINGSUMMARY" Name="Combinational_timing_summary_synth.rpt"/>
  <File Type="VDS-TIMING-PB" Name="Combinational_timing_summary_synth.pb"/>
  <FileSet Name="sources" Type="DesignSrcs" RelSrcDir="$PSRCDIR/sources_1">
    <Filter Type="Srcs"/>
    <File Path="$PSRCDIR/sources_1/new/Comparator.vhd">
      <FileInfo>
        <Attr Name="ImportPath" Val="C:/Users/d18124645/Documents/Talha Tallat/Comparator/Comparator.srcs/sources_1/new/Comparator.vhd"/>
        <Attr Name="ImportTime" Val="1551089879"/>
        <Attr Name="UsedIn" Val="synthesis"/>
        <Attr Name="UsedIn" Val="simulation"/>
      </FileInfo>
    </File>
    <Config>
      <Option Name="DesignMode" Val="RTL"/>
      <Option Name="TopModule" Val="Combinational"/>
      <Option Name="TopAutoSet" Val="TRUE"/>
    </Config>
  </FileSet>
  <FileSet Name="constrs_in" Type="Constrs" RelSrcDir="$PSRCDIR/constrs_1">
    <Filter Type="Constrs"/>
    <File Path="$PSRCDIR/constrs_1/new/Constraints.xdc">
      <FileInfo>
        <Attr Name="ImportPath" Val="C:/Users/d18124645/Documents/Talha Tallat/Comparator/Comparator.srcs/constrs_1/new/Constraints.xdc"/>
        <Attr Name="ImportTime" Val="1551090659"/>
        <Attr Name="UsedIn" Val="synthesis"/>
        <Attr Name="UsedIn" Val="implementation"/>
      </FileInfo>
    </File>
    <Config>
      <Option Name="TargetConstrsFile" Val="$PSRCDIR/constrs_1/new/Constraints.xdc"/>
      <Option Name="ConstrsType" Val="XDC"/>
    </Config>
  </FileSet>
  <Strategy Version="1" Minor="2">
    <StratHandle Name="Vivado Synthesis Defaults" Flow="Vivado Synthesis 2017"/>
    <Step Id="synth_design"/>
  </Strategy>
</GenRun>
